<?xml version='1.0' encoding='UTF-8'?>
<?artifactRepository version='1.1.0'?>
<repository name='file:/C:/Users/pc/git/valomnia/target/update-site/ - artifacts' type='org.eclipse.equinox.p2.artifact.repository.simpleRepository' version='1'>
  <properties size='2'>
    <property name='p2.timestamp' value='1462883472659'/>
    <property name='p2.compressed' value='false'/>
  </properties>
  <mappings size='3'>
    <rule filter='(&amp; (classifier=osgi.bundle))' output='${repoUrl}/plugins/${id}_${version}.jar'/>
    <rule filter='(&amp; (classifier=binary))' output='${repoUrl}/binary/${id}_${version}'/>
    <rule filter='(&amp; (classifier=org.eclipse.update.feature))' output='${repoUrl}/features/${id}_${version}.jar'/>
  </mappings>
  <artifacts size='2'>
    <artifact classifier='org.eclipse.update.feature' id='org.mule.tooling.ui.extension.valomnia-connector.3.5.0' version='1.0.0.201605101330'>
      <properties size='4'>
        <property name='artifact.size' value='943'/>
        <property name='download.size' value='943'/>
        <property name='download.md5' value='763fe366d36240232770cb60c3ea7477'/>
        <property name='download.contentType' value='application/zip'/>
      </properties>
    </artifact>
    <artifact classifier='osgi.bundle' id='org.mule.tooling.ui.contribution.valomnia.3.5.0' version='1.0.0.201605101330'>
      <properties size='3'>
        <property name='artifact.size' value='5778569'/>
        <property name='download.size' value='5778569'/>
        <property name='download.md5' value='517ee720c8028274ab548e0af0d4043f'/>
      </properties>
    </artifact>
  </artifacts>
</repository>
