<?xml version='1.0' encoding='UTF-8'?>
<?artifactRepository version='1.1.0'?>
<repository name='file:/C:/Users/pc/git/valomnia/target/update-site/ - artifacts' type='org.eclipse.equinox.p2.artifact.repository.simpleRepository' version='1'>
  <properties size='2'>
    <property name='p2.timestamp' value='1462873497125'/>
    <property name='p2.compressed' value='false'/>
  </properties>
  <mappings size='3'>
    <rule filter='(&amp; (classifier=osgi.bundle))' output='${repoUrl}/plugins/${id}_${version}.jar'/>
    <rule filter='(&amp; (classifier=binary))' output='${repoUrl}/binary/${id}_${version}'/>
    <rule filter='(&amp; (classifier=org.eclipse.update.feature))' output='${repoUrl}/features/${id}_${version}.jar'/>
  </mappings>
  <artifacts size='2'>
    <artifact classifier='osgi.bundle' id='org.mule.tooling.ui.contribution.valomnia.3.5.0' version='1.0.0.201605101044'>
      <properties size='3'>
        <property name='artifact.size' value='5781390'/>
        <property name='download.size' value='5781390'/>
        <property name='download.md5' value='264b2a7eacec2d3e35a2a5becaea247e'/>
      </properties>
    </artifact>
    <artifact classifier='org.eclipse.update.feature' id='org.mule.tooling.ui.extension.valomnia-connector.3.5.0' version='1.0.0.201605101044'>
      <properties size='4'>
        <property name='artifact.size' value='944'/>
        <property name='download.size' value='944'/>
        <property name='download.md5' value='537034df5930a59f9ba00179c0ec3b80'/>
        <property name='download.contentType' value='application/zip'/>
      </properties>
    </artifact>
  </artifacts>
</repository>
